LOCATION;WEEK;NEW_CASES_PER_MILLION;NEW_DEATHS_PER_MILLION;ICU_PATIENTS_PER_MILLION;HOSP_PATIENTS_PER_MILLION;NEW_TESTS_PER_THOUSAND;TOTAL_VACCINATIONS_PER_HUNDRED;PEOPLE_VACCINATED_PER_HUNDRED;PEOPLE_FULLY_VACCINATED_PER_HUNDRED;MEDIAN_AGE;AGED_70_OLDER;AGED_65_OLDER;GDP_PER_CAPITA;EXTREME_POVERTY;CARDIOVASC_DEATH_RATE
Austria;2021-1;194;3;43;206;2;0;0;;44;14;19;45437;0,7;145
Austria;2021-2;234;7;41;219;2;0;0;;44;14;19;45437;0,7;145
Austria;2021-3;213;6;40;200;58;1;1;0;44;14;19;45437;0,7;145
Austria;2021-4;174;5;37;181;18;2;2;0;44;14;19;45437;0,7;145
Austria;2021-5;154;5;34;166;10;3;2;0;44;14;19;45437;0,7;145
Austria;2021-6;148;5;33;152;13;3;3;1;44;14;19;45437;0,7;145
Austria;2021-7;155;3;30;136;24;5;3;2;44;14;19;45437;0,7;145
Austria;2021-8;178;3;29;117;24;6;3;2;44;14;19;45437;0,7;145
Austria;2021-9;219;3;29;116;26;7;4;3;44;14;19;45437;0,7;145
Austria;2021-10;247;2;34;122;26;9;6;3;44;14;19;45437;0,7;145
Austria;2021-11;289;3;37;139;29;11;8;3;44;14;19;45437;0,7;145
Austria;2021-12;323;3;43;158;31;14;10;3;44;14;19;45437;0,7;145
Austria;2021-13;354;3;50;179;33;16;12;4;44;14;19;45437;0,7;145
Austria;2021-14;353;3;59;192;35;19;14;5;44;14;19;45437;0,7;145
Austria;2021-15;297;4;64;199;33;22;16;6;44;14;19;45437;0,7;145
Austria;2021-16;263;3;65;184;34;26;18;8;44;14;19;45437;0,7;145
Austria;2021-17;248;3;60;159;30;30;21;9;44;14;19;45437;0,7;145
Austria;2021-18;215;3;56;139;28;34;25;9;44;14;19;45437;0,7;145
Austria;2021-19;152;2;50;117;33;38;28;10;44;14;19;45437;0,7;145
Austria;2021-20;101;2;39;86;30;43;32;11;44;14;19;45437;0,7;145
Belgium;2021-1;115;5;42;181;1;0;0;0;42;13;19;42659;0,2;115
Belgium;2021-2;167;5;36;179;4;0;0;0;42;13;19;42659;0,2;115
Belgium;2021-3;179;4;31;167;4;1;1;0;42;13;19;42659;0,2;115
Belgium;2021-4;181;4;30;167;4;2;2;0;42;13;19;42659;0,2;115
Belgium;2021-5;197;4;28;161;4;3;2;0;42;13;19;42659;0,2;115
Belgium;2021-6;198;4;27;152;4;3;3;1;42;13;19;42659;0,2;115
Belgium;2021-7;163;3;26;142;4;5;3;1;42;13;19;42659;0,2;115
Belgium;2021-8;188;3;27;138;3;6;4;2;42;13;19;42659;0,2;115
Belgium;2021-9;210;2;31;151;4;7;4;3;42;13;19;42659;0,2;115
Belgium;2021-10;202;2;36;164;4;8;5;3;42;13;19;42659;0,2;115
Belgium;2021-11;241;2;39;167;4;10;6;3;42;13;19;42659;0,2;115
Belgium;2021-12;279;3;46;182;5;12;8;4;42;13;19;42659;0,2;115
Belgium;2021-13;470;3;54;210;6;14;10;4;42;13;19;42659;0,2;115
Belgium;2021-14;387;3;66;249;5;17;12;5;42;13;19;42659;0,2;115
Belgium;2021-15;308;4;77;266;4;20;15;5;42;13;19;42659;0,2;115
Belgium;2021-16;302;4;80;264;3;25;18;6;42;13;19;42659;0,2;115
Belgium;2021-17;309;3;79;260;4;29;22;7;42;13;19;42659;0,2;115
Belgium;2021-18;264;3;75;241;4;32;25;7;42;13;19;42659;0,2;115
Belgium;2021-19;258;3;66;214;5;37;29;8;42;13;19;42659;0,2;115
Belgium;2021-20;194;2;58;175;4;43;33;10;42;13;19;42659;0,2;115
Bulgaria;2021-1;44;5;67;684;1;0;0;;45;13;21;18563;1,5;425
Bulgaria;2021-2;114;9;59;635;1;0;0;;45;13;21;18563;1,5;425
Bulgaria;2021-3;68;8;52;559;1;0;0;;45;13;21;18563;1,5;425
Bulgaria;2021-4;61;7;46;465;1;0;0;0;45;13;21;18563;1,5;425
Bulgaria;2021-5;81;4;39;410;2;0;0;0;45;13;21;18563;1,5;425
Bulgaria;2021-6;101;6;39;423;1;1;0;0;45;13;21;18563;1,5;425
Bulgaria;2021-7;123;6;40;458;2;1;1;0;45;13;21;18563;1,5;425
Bulgaria;2021-8;142;5;43;510;1;1;1;0;45;13;21;18563;1,5;425
Bulgaria;2021-9;211;7;50;591;2;2;2;0;45;13;21;18563;1,5;425
Bulgaria;2021-10;269;9;60;721;2;4;3;1;45;13;21;18563;1,5;425
Bulgaria;2021-11;371;13;70;887;1;5;4;1;45;13;21;18563;1,5;425
Bulgaria;2021-12;506;15;87;1092;;5;4;1;45;13;21;18563;1,5;425
Bulgaria;2021-13;520;14;104;1288;3;6;5;1;45;13;21;18563;1,5;425
Bulgaria;2021-14;503;18;109;1432;2;7;5;1;45;13;21;18563;1,5;425
Bulgaria;2021-15;396;17;111;1501;2;8;6;2;45;13;21;18563;1,5;425
Bulgaria;2021-16;297;16;115;1417;2;9;7;2;45;13;21;18563;1,5;425
Bulgaria;2021-17;229;15;112;1248;2;10;8;2;45;13;21;18563;1,5;425
Bulgaria;2021-18;159;12;102;1073;2;11;8;3;45;13;21;18563;1,5;425
Bulgaria;2021-19;105;9;90;927;1;13;9;4;45;13;21;18563;1,5;425
Bulgaria;2021-20;84;7;77;781;2;15;10;5;45;13;21;18563;1,5;425
Croatia;2021-1;174;12;;599;1;;;;44;13;20;22670;0,7;254
Croatia;2021-2;247;11;;563;2;0;0;;44;13;20;22670;0,7;254
Croatia;2021-3;182;9;;482;2;1;1;;44;13;20;22670;0,7;254
Croatia;2021-4;139;7;;396;1;1;1;;44;13;20;22670;0,7;254
Croatia;2021-5;123;7;;337;1;2;1;0;44;13;20;22670;0,7;254
Croatia;2021-6;106;5;;299;1;2;1;1;44;13;20;22670;0,7;254
Croatia;2021-7;81;5;;258;1;3;2;1;44;13;20;22670;0,7;254
Croatia;2021-8;77;4;;213;1;3;2;1;44;13;20;22670;0,7;254
Croatia;2021-9;102;3;;191;1;4;3;1;44;13;20;22670;0,7;254
Croatia;2021-10;122;3;;185;1;6;4;1;44;13;20;22670;0,7;254
Croatia;2021-11;152;3;;195;1;7;5;2;44;13;20;22670;0,7;254
Croatia;2021-12;220;3;;216;;9;7;2;44;13;20;22670;0,7;254
Croatia;2021-13;317;4;;258;2;10;8;2;44;13;20;22670;0,7;254
Croatia;2021-14;444;5;;327;2;12;9;2;44;13;20;22670;0,7;254
Croatia;2021-15;426;8;;414;2;13;11;3;44;13;20;22670;0,7;254
Croatia;2021-16;533;9;;478;2;15;12;3;44;13;20;22670;0,7;254
Croatia;2021-17;527;10;;534;2;18;14;4;44;13;20;22670;0,7;254
Croatia;2021-18;447;11;;551;2;21;16;4;44;13;20;22670;0,7;254
Croatia;2021-19;334;10;;521;2;24;19;5;44;13;20;22670;0,7;254
Croatia;2021-20;212;9;;457;2;30;23;7;44;13;20;22670;0,7;254
Cyprus;2021-1;814;6;33;199;9;;;;37;9;13;32415;;141
Cyprus;2021-2;582;3;36;217;14;0;0;;37;9;13;32415;;141
Cyprus;2021-3;294;3;42;229;13;1;1;;37;9;13;32415;;141
Cyprus;2021-4;175;3;42;217;10;2;2;0;37;9;13;32415;;141
Cyprus;2021-5;144;2;40;178;16;3;2;1;37;9;13;32415;;141
Cyprus;2021-6;143;2;30;139;34;4;3;1;37;9;13;32415;;141
Cyprus;2021-7;122;1;26;108;35;5;3;2;37;9;13;32415;;141
Cyprus;2021-8;124;1;19;94;35;6;4;2;37;9;13;32415;;141
Cyprus;2021-9;207;0;17;91;39;8;6;2;37;9;13;32415;;141
Cyprus;2021-10;351;0;15;109;48;;;;37;9;13;32415;;141
Cyprus;2021-11;441;1;21;191;49;11;8;3;37;9;13;32415;;141
Cyprus;2021-12;425;1;27;240;50;15;11;4;37;9;13;32415;;141
Cyprus;2021-13;395;1;31;236;45;;;;37;9;13;32415;;141
Cyprus;2021-14;486;2;30;215;57;18;13;5;37;9;13;32415;;141
Cyprus;2021-15;612;2;33;234;60;20;15;6;37;9;13;32415;;141
Cyprus;2021-16;713;3;41;277;64;23;17;7;37;9;13;32415;;141
Cyprus;2021-17;1006;2;42;328;67;26;19;7;37;9;13;32415;;141
Cyprus;2021-18;707;2;43;327;50;33;25;8;37;9;13;32415;;141
Cyprus;2021-19;531;4;38;293;54;38;29;9;37;9;13;32415;;141
Cyprus;2021-20;283;2;38;207;92;45;34;11;37;9;13;32415;;141
Czechia;2021-1;785;12;84;542;2;0;0;;43;12;19;32606;;227
Czechia;2021-2;1164;15;99;664;6;0;0;;43;12;19;32606;;227
Czechia;2021-3;816;17;107;662;5;1;1;0;43;12;19;32606;;227
Czechia;2021-4;660;14;102;600;4;2;1;0;43;12;19;32606;;227
Czechia;2021-5;632;13;95;559;5;2;2;0;43;12;19;32606;;227
Czechia;2021-6;659;12;95;546;5;3;2;1;43;12;19;32606;;227
Czechia;2021-7;704;12;102;553;5;4;3;1;43;12;19;32606;;227
Czechia;2021-8;847;14;116;589;6;5;3;2;43;12;19;32606;;227
Czechia;2021-9;1084;15;137;663;8;6;4;2;43;12;19;32606;;227
Czechia;2021-10;1128;18;160;766;10;7;5;2;43;12;19;32606;;227
Czechia;2021-11;1066;20;181;823;15;9;6;3;43;12;19;32606;;227
Czechia;2021-12;898;19;189;835;17;12;8;3;43;12;19;32606;;227
Czechia;2021-13;689;17;177;772;17;14;10;4;43;12;19;32606;;227
Czechia;2021-14;516;15;151;677;16;16;11;5;43;12;19;32606;;227
Czechia;2021-15;377;12;125;585;16;18;12;6;43;12;19;32606;;227
Czechia;2021-16;298;9;97;452;17;22;14;7;43;12;19;32606;;227
Czechia;2021-17;236;7;77;357;17;25;16;9;43;12;19;32606;;227
Czechia;2021-18;198;5;56;274;17;28;19;9;43;12;19;32606;;227
Czechia;2021-19;152;4;40;216;19;32;23;10;43;12;19;32606;;227
Czechia;2021-20;105;3;30;157;19;37;27;10;43;12;19;32606;;227
Denmark;2021-1;351;4;23;158;9;1;1;;42;12;20;46683;0,2;115
Denmark;2021-2;314;5;24;155;15;1;1;0;42;12;20;46683;0,2;115
Denmark;2021-3;196;5;23;148;14;2;2;0;42;12;20;46683;0,2;115
Denmark;2021-4;141;5;23;132;19;3;3;0;42;12;20;46683;0,2;115
Denmark;2021-5;103;3;20;112;19;4;3;1;42;12;20;46683;0,2;115
Denmark;2021-6;76;3;15;81;20;5;3;2;42;12;20;46683;0,2;115
Denmark;2021-7;71;2;12;62;20;6;4;3;42;12;20;46683;0,2;115
Denmark;2021-8;74;1;10;49;21;8;5;3;42;12;20;46683;0,2;115
Denmark;2021-9;90;1;8;41;24;9;6;3;42;12;20;46683;0,2;115
Denmark;2021-10;89;0;6;39;26;11;8;3;42;12;20;46683;0,2;115
Denmark;2021-11;138;0;7;39;27;14;10;4;42;12;20;46683;0,2;115
Denmark;2021-12;122;0;7;34;29;15;10;5;42;12;20;46683;0,2;115
Denmark;2021-13;54;0;7;35;29;17;11;6;42;12;20;46683;0,2;115
Denmark;2021-14;140;0;7;37;27;19;13;7;42;12;20;46683;0,2;115
Denmark;2021-15;108;0;6;38;31;21;14;7;42;12;20;46683;0,2;115
Denmark;2021-16;114;0;7;34;31;25;17;8;42;12;20;46683;0,2;115
Denmark;2021-17;130;1;7;33;31;29;20;9;42;12;20;46683;0,2;115
Denmark;2021-18;124;0;6;30;30;33;22;11;42;12;20;46683;0,2;115
Denmark;2021-19;151;0;6;28;32;38;25;13;42;12;20;46683;0,2;115
Denmark;2021-20;182;0;5;27;31;44;27;16;42;12;20;46683;0,2;115
Estonia;2021-1;301;5;32;307;2;0;0;;43;13;19;29481;0,5;256
Estonia;2021-2;463;4;34;309;4;0;0;;43;13;19;29481;0,5;256
Estonia;2021-3;388;5;33;308;4;1;1;0;43;13;19;29481;0,5;256
Estonia;2021-4;376;5;34;318;4;2;2;0;43;13;19;29481;0,5;256
Estonia;2021-5;384;5;31;322;4;2;2;0;43;13;19;29481;0,5;256
Estonia;2021-6;405;5;25;344;4;3;2;1;43;13;19;29481;0,5;256
Estonia;2021-7;456;4;25;357;4;5;3;2;43;13;19;29481;0,5;256
Estonia;2021-8;569;4;27;377;4;6;4;2;43;13;19;29481;0,5;256
Estonia;2021-9;793;6;32;379;5;8;5;2;43;13;19;29481;0,5;256
Estonia;2021-10;1000;6;39;438;5;10;7;3;43;13;19;29481;0,5;256
Estonia;2021-11;1097;7;46;500;5;12;9;4;43;13;19;29481;0,5;256
Estonia;2021-12;1094;8;52;526;6;16;11;4;43;13;19;29481;0,5;256
Estonia;2021-13;938;9;52;529;5;18;14;4;43;13;19;29481;0,5;256
Estonia;2021-14;668;8;55;531;4;20;16;5;43;13;19;29481;0,5;256
Estonia;2021-15;517;10;54;486;4;24;18;5;43;13;19;29481;0,5;256
Estonia;2021-16;353;7;46;391;4;26;20;6;43;13;19;29481;0,5;256
Estonia;2021-17;322;6;43;324;4;29;22;7;43;13;19;29481;0,5;256
Estonia;2021-18;264;3;41;273;3;33;24;8;43;13;19;29481;0,5;256
Estonia;2021-19;264;3;36;233;3;37;27;11;43;13;19;29481;0,5;256
Estonia;2021-20;218;3;27;184;3;42;29;13;43;13;19;29481;0,5;256
Finland;2021-1;45;0;;;1;;;;43;13;21;40586;;154
Finland;2021-2;46;1;5;34;2;0;;;43;13;21;40586;;154
Finland;2021-3;44;1;5;28;2;0;;;43;13;21;40586;;154
Finland;2021-4;58;1;5;26;2;1;;;43;13;21;40586;;154
Finland;2021-5;65;1;4;25;3;2;2;0;43;13;21;40586;;154
Finland;2021-6;62;0;4;24;3;3;3;1;43;13;21;40586;;154
Finland;2021-7;71;1;3;21;3;4;3;1;43;13;21;40586;;154
Finland;2021-8;85;0;5;24;3;5;4;1;43;13;21;40586;;154
Finland;2021-9;97;0;6;34;4;7;6;1;43;13;21;40586;;154
Finland;2021-10;116;1;7;44;4;9;8;2;43;13;21;40586;;154
Finland;2021-11;115;0;8;46;4;11;10;2;43;13;21;40586;;154
Finland;2021-12;132;0;9;50;4;13;12;2;43;13;21;40586;;154
Finland;2021-13;114;0;11;54;4;15;14;2;43;13;21;40586;;154
Finland;2021-14;92;1;9;53;3;18;16;2;43;13;21;40586;;154
Finland;2021-15;67;1;8;43;3;20;18;2;43;13;21;40586;;154
Finland;2021-16;50;0;7;31;3;23;21;2;43;13;21;40586;;154
Finland;2021-17;51;0;6;26;3;27;25;2;43;13;21;40586;;154
Finland;2021-18;38;0;6;24;3;32;29;3;43;13;21;40586;;154
Finland;2021-19;38;0;5;23;3;36;32;3;43;13;21;40586;;154
Finland;2021-20;34;0;5;21;3;41;37;5;43;13;21;40586;;154
France;2021-1;169;2;39;361;2;0;0;;42;13;20;38606;;86
France;2021-2;263;6;39;365;4;0;0;;42;13;20;38606;;86
France;2021-3;270;5;40;367;4;0;0;0;42;13;20;38606;;86
France;2021-4;298;6;42;379;4;1;1;0;42;13;20;38606;;86
France;2021-5;302;6;45;400;5;2;2;0;42;13;20;38606;;86
France;2021-6;295;6;48;410;5;3;3;0;42;13;20;38606;;86
France;2021-7;278;6;49;402;5;4;3;1;42;13;20;38606;;86
France;2021-8;285;5;50;384;5;5;4;1;42;13;20;38606;;86
France;2021-9;324;5;51;376;4;6;4;2;42;13;20;38606;;86
France;2021-10;310;5;53;371;4;8;5;3;42;13;20;38606;;86
France;2021-11;345;4;58;369;5;10;7;3;42;13;20;38606;;86
France;2021-12;438;4;63;375;6;12;9;3;42;13;20;38606;;86
France;2021-13;543;5;69;397;7;14;10;4;42;13;20;38606;;86
France;2021-14;493;4;75;421;8;17;13;4;42;13;20;38606;;86
France;2021-15;421;4;83;448;5;20;15;5;42;13;20;38606;;86
France;2021-16;676;5;87;456;5;24;18;6;42;13;20;38606;;86
France;2021-17;451;4;88;455;4;27;20;7;42;13;20;38606;;86
France;2021-18;357;4;86;440;4;31;22;9;42;13;20;38606;;86
France;2021-19;266;3;79;408;5;36;25;11;42;13;20;38606;;86
France;2021-20;203;3;68;361;5;41;28;13;42;13;20;38606;;86
Germany;2021-1;78;4;67;;;0;0;0;47;16;21;45229;;156
Germany;2021-2;264;10;67;;;1;1;0;47;16;21;45229;;156
Germany;2021-3;188;10;62;;;1;1;0;47;16;21;45229;;156
Germany;2021-4;169;9;58;;;2;2;0;47;16;21;45229;;156
Germany;2021-5;149;9;54;;;3;2;0;47;16;21;45229;;156
Germany;2021-6;102;8;50;;;4;3;1;47;16;21;45229;;156
Germany;2021-7;88;6;45;;;5;3;2;47;16;21;45229;;156
Germany;2021-8;88;5;39;;;6;4;2;47;16;21;45229;;156
Germany;2021-9;95;4;35;;;7;4;2;47;16;21;45229;;156
Germany;2021-10;99;3;34;;;8;6;3;47;16;21;45229;;156
Germany;2021-11;115;2;33;;;10;7;3;47;16;21;45229;;156
Germany;2021-12;169;2;34;;;12;9;4;47;16;21;45229;;156
Germany;2021-13;194;2;38;;;14;10;4;47;16;21;45229;;156
Germany;2021-14;176;2;44;;;17;12;5;47;16;21;45229;;156
Germany;2021-15;210;2;52;;;20;14;6;47;16;21;45229;;156
Germany;2021-16;247;3;56;;;24;18;6;47;16;21;45229;;156
Germany;2021-17;234;3;59;;;28;22;7;47;16;21;45229;;156
Germany;2021-18;226;3;60;;;33;26;8;47;16;21;45229;;156
Germany;2021-19;182;3;58;;;39;30;9;47;16;21;45229;;156
Germany;2021-20;111;2;52;;;45;35;10;47;16;21;45229;;156
Hungary;2021-1;216;13;;578;1;;;;43;12;19;26778;0,5;278
Hungary;2021-2;204;11;;569;2;0;;;43;12;19;26778;0,5;278
Hungary;2021-3;150;10;;497;2;1;;;43;12;19;26778;0,5;278
Hungary;2021-4;114;9;;434;1;1;1;0;43;12;19;26778;0,5;278
Hungary;2021-5;118;8;;386;2;2;2;0;43;12;19;26778;0,5;278
Hungary;2021-6;131;8;;378;2;4;3;1;43;12;19;26778;0,5;278
Hungary;2021-7;157;9;;388;2;4;3;1;43;12;19;26778;0,5;278
Hungary;2021-8;212;9;;411;2;5;4;2;43;12;19;26778;0,5;278
Hungary;2021-9;355;10;;485;2;8;5;2;43;12;19;26778;0,5;278
Hungary;2021-10;528;13;;655;3;11;8;3;43;12;19;26778;0,5;278
Hungary;2021-11;707;15;;857;3;16;12;4;43;12;19;26778;0,5;278
Hungary;2021-12;789;19;;1027;3;19;15;4;43;12;19;26778;0,5;278
Hungary;2021-13;944;25;;1197;4;24;18;6;43;12;19;26778;0,5;278
Hungary;2021-14;808;26;;1245;4;30;22;8;43;12;19;26778;0,5;278
Hungary;2021-15;510;25;;1206;3;38;27;11;43;12;19;26778;0,5;278
Hungary;2021-16;487;26;;1045;3;45;32;13;43;12;19;26778;0,5;278
Hungary;2021-17;301;21;;817;2;50;35;15;43;12;19;26778;0,5;278
Hungary;2021-18;209;19;;616;2;59;40;19;43;12;19;26778;0,5;278
Hungary;2021-19;137;12;;453;2;67;43;24;43;12;19;26778;0,5;278
Hungary;2021-20;102;9;;308;2;73;46;27;43;12;19;26778;0,5;278
Iceland;2021-1;0;0;;;2;;;;37;9;14;46483;0,2;118
Iceland;2021-2;53;0;;59;2;;;;37;9;14;46483;0,2;118
Iceland;2021-3;32;0;;56;2;;;;37;9;14;46483;0,2;118
Iceland;2021-4;10;0;;56;2;2;2;0;37;9;14;46483;0,2;118
Iceland;2021-5;9;0;;48;3;5;3;1;37;9;14;46483;0,2;118
Iceland;2021-6;8;0;;38;2;5;4;1;37;9;14;46483;0,2;118
Iceland;2021-7;5;0;;35;2;5;4;2;37;9;14;46483;0,2;118
Iceland;2021-8;5;0;;23;1;7;4;2;37;9;14;46483;0,2;118
Iceland;2021-9;2;0;;21;1;9;5;3;37;9;14;46483;0,2;118
Iceland;2021-10;4;0;;21;1;11;7;4;37;9;14;46483;0,2;118
Iceland;2021-11;5;0;;14;3;13;9;4;37;9;14;46483;0,2;118
Iceland;2021-12;10;0;;4;2;15;11;4;37;9;14;46483;0,2;118
Iceland;2021-13;28;0;;4;5;17;11;5;37;9;14;46483;0,2;118
Iceland;2021-14;26;0;;3;4;21;14;7;37;9;14;46483;0,2;118
Iceland;2021-15;14;0;;0;3;24;16;8;37;9;14;46483;0,2;118
Iceland;2021-16;12;0;;5;3;28;19;8;37;9;14;46483;0,2;118
Iceland;2021-17;44;0;;8;6;31;22;9;37;9;14;46483;0,2;118
Iceland;2021-18;34;0;;12;4;39;29;10;37;9;14;46483;0,2;118
Iceland;2021-19;14;0;;15;3;48;36;13;37;9;14;46483;0,2;118
Iceland;2021-20;13;0;;9;3;58;42;18;37;9;14;46483;0,2;118
Ireland;2021-1;521;2;11;110;5;;;;39;9;14;67335;0,2;126
Ireland;2021-2;1267;2;18;191;5;0;;;39;9;14;67335;0,2;126
Ireland;2021-3;841;7;34;345;5;1;;;39;9;14;67335;0,2;126
Ireland;2021-4;475;10;42;395;4;2;;;39;9;14;67335;0,2;126
Ireland;2021-5;264;10;44;349;4;3;3;0;39;9;14;67335;0,2;126
Ireland;2021-6;210;11;40;278;4;4;3;1;39;9;14;67335;0,2;126
Ireland;2021-7;181;7;35;214;3;5;3;2;39;9;14;67335;0,2;126
Ireland;2021-8;161;6;31;166;3;6;4;2;39;9;14;67335;0,2;126
Ireland;2021-9;133;5;29;131;3;8;5;3;39;9;14;67335;0,2;126
Ireland;2021-10;108;3;23;98;3;10;7;3;39;9;14;67335;0,2;126
Ireland;2021-11;106;3;19;77;3;12;8;3;39;9;14;67335;0,2;126
Ireland;2021-12;100;1;17;70;3;13;10;4;39;9;14;67335;0,2;126
Ireland;2021-13;119;2;15;68;3;15;11;4;39;9;14;67335;0,2;126
Ireland;2021-14;109;2;13;59;4;18;13;5;39;9;14;67335;0,2;126
Ireland;2021-15;85;2;11;47;3;20;14;6;39;9;14;67335;0,2;126
Ireland;2021-16;75;2;10;40;3;23;16;7;39;9;14;67335;0,2;126
Ireland;2021-17;86;1;10;36;3;26;19;8;39;9;14;67335;0,2;126
Ireland;2021-18;94;1;9;31;4;30;22;9;39;9;14;67335;0,2;126
Ireland;2021-19;83;0;8;26;4;35;25;10;39;9;14;67335;0,2;126
Ireland;2021-20;86;1;7;23;4;38;28;10;39;9;14;67335;0,2;126
Italy;2021-1;281;7;42;421;2;0;0;;48;16;23;35220;2;113
Italy;2021-2;276;8;43;427;2;1;1;;48;16;23;35220;2;113
Italy;2021-3;262;8;43;428;3;2;2;;48;16;23;35220;2;113
Italy;2021-4;204;8;41;409;4;2;2;0;48;16;23;35220;2;113
Italy;2021-5;205;7;39;385;4;3;2;1;48;16;23;35220;2;113
Italy;2021-6;197;6;36;366;4;4;2;1;48;16;23;35220;2;113
Italy;2021-7;203;6;35;351;4;5;3;2;48;16;23;35220;2;113
Italy;2021-8;201;5;34;335;4;5;3;2;48;16;23;35220;2;113
Italy;2021-9;265;5;36;337;5;7;4;2;48;16;23;35220;2;113
Italy;2021-10;328;5;40;367;5;8;6;3;48;16;23;35220;2;113
Italy;2021-11;366;5;46;423;5;10;7;3;48;16;23;35220;2;113
Italy;2021-12;365;7;54;487;5;12;8;4;48;16;23;35220;2;113
Italy;2021-13;369;7;59;527;5;14;10;5;48;16;23;35220;2;113
Italy;2021-14;326;7;61;540;5;17;12;5;48;16;23;35220;2;113
Italy;2021-15;245;8;61;535;4;20;14;6;48;16;23;35220;2;113
Italy;2021-16;244;7;57;488;5;23;16;7;48;16;23;35220;2;113
Italy;2021-17;218;6;51;424;5;27;19;8;48;16;23;35220;2;113
Italy;2021-18;203;5;45;371;5;32;22;9;48;16;23;35220;2;113
Italy;2021-19;159;4;39;326;5;37;26;11;48;16;23;35220;2;113
Italy;2021-20;119;3;33;267;4;42;30;13;48;16;23;35220;2;113
Latvia;2021-1;272;9;;549;2;;;;44;14;20;25064;0,7;350
Latvia;2021-2;532;11;;582;6;0;0;;44;14;20;25064;0,7;350
Latvia;2021-3;465;11;;580;5;1;1;;44;14;20;25064;0,7;350
Latvia;2021-4;409;10;;543;5;1;1;0;44;14;20;25064;0,7;350
Latvia;2021-5;395;6;;512;5;1;1;0;44;14;20;25064;0,7;350
Latvia;2021-6;425;11;;495;5;2;1;1;44;14;20;25064;0,7;350
Latvia;2021-7;376;9;;452;5;2;1;1;44;14;20;25064;0,7;350
Latvia;2021-8;366;7;;420;5;2;1;1;44;14;20;25064;0,7;350
Latvia;2021-9;356;6;;384;5;3;2;1;44;14;20;25064;0,7;350
Latvia;2021-10;318;6;;369;6;4;3;1;44;14;20;25064;0,7;350
Latvia;2021-11;263;5;;345;7;5;4;1;44;14;20;25064;0,7;350
Latvia;2021-12;278;5;;315;7;5;4;1;44;14;20;25064;0,7;350
Latvia;2021-13;270;4;;324;7;6;5;1;44;14;20;25064;0,7;350
Latvia;2021-14;239;4;;314;6;7;6;1;44;14;20;25064;0,7;350
Latvia;2021-15;255;5;;341;7;9;7;1;44;14;20;25064;0,7;350
Latvia;2021-16;285;5;;317;7;10;9;1;44;14;20;25064;0,7;350
Latvia;2021-17;300;4;;318;7;13;11;2;44;14;20;25064;0,7;350
Latvia;2021-18;334;3;;319;7;16;13;3;44;14;20;25064;0,7;350
Latvia;2021-19;300;5;;305;6;19;16;4;44;14;20;25064;0,7;350
Latvia;2021-20;323;4;;307;8;24;19;5;44;14;20;25064;0,7;350
Lithuania;2021-1;915;17;;900;2;0;0;;44;14;19;29524;0,7;343
Lithuania;2021-2;698;15;;882;5;1;1;;44;14;19;29524;0,7;343
Lithuania;2021-3;470;13;;746;4;1;1;;44;14;19;29524;0,7;343
Lithuania;2021-4;353;11;;596;3;2;2;0;44;14;19;29524;0,7;343
Lithuania;2021-5;305;8;;507;3;3;2;1;44;14;19;29524;0,7;343
Lithuania;2021-6;238;7;;452;3;4;3;1;44;14;19;29524;0,7;343
Lithuania;2021-7;208;7;;414;3;5;3;2;44;14;19;29524;0,7;343
Lithuania;2021-8;174;6;;313;2;6;4;2;44;14;19;29524;0,7;343
Lithuania;2021-9;198;4;;323;3;8;5;3;44;14;19;29524;0,7;343
Lithuania;2021-10;234;5;;310;3;10;7;3;44;14;19;29524;0,7;343
Lithuania;2021-11;166;4;;281;3;12;9;3;44;14;19;29524;0,7;343
Lithuania;2021-12;194;4;;275;3;14;10;4;44;14;19;29524;0,7;343
Lithuania;2021-13;252;4;;265;3;16;11;5;44;14;19;29524;0,7;343
Lithuania;2021-14;285;3;;269;4;19;13;6;44;14;19;29524;0,7;343
Lithuania;2021-15;337;4;;314;5;23;16;7;44;14;19;29524;0,7;343
Lithuania;2021-16;395;4;;355;6;27;19;7;44;14;19;29524;0,7;343
Lithuania;2021-17;404;5;;390;7;30;22;8;44;14;19;29524;0,7;343
Lithuania;2021-18;427;5;;408;7;34;24;10;44;14;19;29524;0,7;343
Lithuania;2021-19;433;5;;412;8;40;27;13;44;14;19;29524;0,7;343
Lithuania;2021-20;410;3;;;7;46;31;15;44;14;19;29524;0,7;343
Luxembourg;2021-1;0;0;50;200;3;;;;40;10;14;94278;0,2;128
Luxembourg;2021-2;303;7;42;169;14;;;;40;10;14;94278;0,2;128
Luxembourg;2021-3;202;5;34;144;12;0;0;;40;10;14;94278;0,2;128
Luxembourg;2021-4;184;3;26;128;10;1;1;;40;10;14;94278;0,2;128
Luxembourg;2021-5;217;3;21;110;12;2;1;0;40;10;14;94278;0,2;128
Luxembourg;2021-6;257;3;20;101;14;2;2;0;40;10;14;94278;0,2;128
Luxembourg;2021-7;234;4;20;106;16;3;2;1;40;10;14;94278;0,2;128
Luxembourg;2021-8;284;4;24;117;14;4;3;1;40;10;14;94278;0,2;128
Luxembourg;2021-9;303;3;27;132;14;5;4;1;40;10;14;94278;0,2;128
Luxembourg;2021-10;271;3;34;168;14;7;5;2;40;10;14;94278;0,2;128
Luxembourg;2021-11;275;7;42;192;14;8;6;2;40;10;14;94278;0,2;128
Luxembourg;2021-12;331;8;35;191;14;10;8;3;40;10;14;94278;0,2;128
Luxembourg;2021-13;345;5;33;202;15;12;9;3;40;10;14;94278;0,2;128
Luxembourg;2021-14;374;3;44;222;18;15;12;4;40;10;14;94278;0,2;128
Luxembourg;2021-15;311;3;48;216;13;18;14;4;40;10;14;94278;0,2;128
Luxembourg;2021-16;292;5;52;191;14;23;17;6;40;10;14;94278;0,2;128
Luxembourg;2021-17;288;1;57;176;13;27;19;7;40;10;14;94278;0,2;128
Luxembourg;2021-18;273;1;56;146;12;29;21;8;40;10;14;94278;0,2;128
Luxembourg;2021-19;216;1;51;143;12;34;25;9;40;10;14;94278;0,2;128
Luxembourg;2021-20;175;1;47;120;11;41;29;11;40;10;14;94278;0,2;128
Netherlands;2021-1;492;4;41;116;;;;;43;12;19;48473;;109
Netherlands;2021-2;443;6;41;119;;;;;43;12;19;48473;;109
Netherlands;2021-3;344;6;41;107;;0;0;;43;12;19;48473;;109
Netherlands;2021-4;313;5;40;99;;0;0;;43;12;19;48473;;109
Netherlands;2021-5;260;4;38;96;;1;1;;43;12;19;48473;;109
Netherlands;2021-6;228;3;35;91;;2;2;0;43;12;19;48473;;109
Netherlands;2021-7;203;4;31;83;;3;3;0;43;12;19;48473;;109
Netherlands;2021-8;221;3;31;81;;5;4;1;43;12;19;48473;;109
Netherlands;2021-9;270;3;31;78;;6;5;1;43;12;19;48473;;109
Netherlands;2021-10;265;2;31;80;;8;7;2;43;12;19;48473;;109
Netherlands;2021-11;302;2;33;79;;10;8;2;43;12;19;48473;;109
Netherlands;2021-12;371;2;33;84;;12;9;3;43;12;19;48473;;109
Netherlands;2021-13;437;2;37;91;;13;9;3;43;12;19;48473;;109
Netherlands;2021-14;442;1;40;96;;14;11;4;43;12;19;48473;;109
Netherlands;2021-15;409;1;45;99;;17;13;5;43;12;19;48473;;109
Netherlands;2021-16;449;1;46;100;;21;16;5;43;12;19;48473;;109
Netherlands;2021-17;486;1;48;103;;26;20;6;43;12;19;48473;;109
Netherlands;2021-18;422;1;48;105;;29;23;7;43;12;19;48473;;109
Netherlands;2021-19;430;1;47;102;;33;26;7;43;12;19;48473;;109
Netherlands;2021-20;337;1;43;94;9;38;29;9;43;12;19;48473;;109
Norway;2021-1;64;0;;23;2;0;0;;40;11;17;64800;0,2;114
Norway;2021-2;123;1;;24;5;0;0;;40;11;17;64800;0,2;114
Norway;2021-3;93;1;;28;4;1;1;0;40;11;17;64800;0,2;114
Norway;2021-4;62;1;;25;3;1;1;0;40;11;17;64800;0,2;114
Norway;2021-5;52;1;;21;3;2;2;0;40;11;17;64800;0,2;114
Norway;2021-6;49;0;;17;3;3;3;1;40;11;17;64800;0,2;114
Norway;2021-7;46;0;;16;3;5;4;1;40;11;17;64800;0,2;114
Norway;2021-8;51;0;;14;3;7;5;2;40;11;17;64800;0,2;114
Norway;2021-9;66;0;;17;3;8;6;2;40;11;17;64800;0,2;114
Norway;2021-10;98;0;;20;4;10;7;4;40;11;17;64800;0,2;114
Norway;2021-11;138;0;;29;5;12;8;4;40;11;17;64800;0,2;114
Norway;2021-12;173;0;;41;5;14;9;5;40;11;17;64800;0,2;114
Norway;2021-13;161;0;;48;5;16;10;5;40;11;17;64800;0,2;114
Norway;2021-14;148;0;;53;3;18;12;5;40;11;17;64800;0,2;114
Norway;2021-15;128;0;;54;4;20;15;6;40;11;17;64800;0,2;114
Norway;2021-16;110;1;;47;3;24;18;6;40;11;17;64800;0,2;114
Norway;2021-17;86;1;;38;3;27;21;6;40;11;17;64800;0,2;114
Norway;2021-18;76;1;;35;3;30;24;6;40;11;17;64800;0,2;114
Norway;2021-19;76;0;;23;3;34;27;8;40;11;17;64800;0,2;114
Norway;2021-20;77;0;;21;3;38;28;10;40;11;17;64800;0,2;114
Poland;2021-1;237;7;;441;1;0;0;;42;10;17;27216;;227
Poland;2021-2;240;7;;449;1;0;0;;42;10;17;27216;;227
Poland;2021-3;201;8;;433;2;1;1;;42;10;17;27216;;227
Poland;2021-4;156;8;;401;1;2;1;0;42;10;17;27216;;227
Poland;2021-5;143;7;;373;1;3;2;0;42;10;17;27216;;227
Poland;2021-6;139;7;;348;1;4;3;1;42;10;17;27216;;227
Poland;2021-7;144;6;;328;1;5;4;1;42;10;17;27216;;227
Poland;2021-8;182;5;;323;1;6;4;2;42;10;17;27216;;227
Poland;2021-9;246;6;;353;1;8;5;3;42;10;17;27216;;227
Poland;2021-10;319;6;;419;1;10;6;3;42;10;17;27216;;227
Poland;2021-11;408;7;;483;2;11;7;4;42;10;17;27216;;227
Poland;2021-12;556;8;;567;2;13;8;4;42;10;17;27216;;227
Poland;2021-13;698;10;;696;2;14;9;5;42;10;17;27216;;227
Poland;2021-14;732;11;;821;2;17;11;5;42;10;17;27216;;227
Poland;2021-15;518;13;;892;2;19;13;6;42;10;17;27216;;227
Poland;2021-16;464;14;;884;2;21;15;6;42;10;17;27216;;227
Poland;2021-17;286;13;;802;2;25;19;6;42;10;17;27216;;227
Poland;2021-18;177;10;;670;2;29;22;7;42;10;17;27216;;227
Poland;2021-19;115;7;;522;1;34;26;9;42;10;17;27216;;227
Poland;2021-20;86;7;;381;1;39;29;11;42;10;17;27216;;227
Portugal;2021-1;500;7;48;278;2;0;0;;46;15;22;27937;0,5;128
Portugal;2021-2;733;9;51;324;5;1;1;;46;15;22;27937;0,5;128
Portugal;2021-3;886;14;59;415;5;1;1;;46;15;22;27937;0,5;128
Portugal;2021-4;1192;21;67;535;6;2;2;0;46;15;22;27937;0,5;128
Portugal;2021-5;1213;28;77;635;6;3;2;0;46;15;22;27937;0,5;128
Portugal;2021-6;713;25;86;646;4;4;3;1;46;15;22;27937;0,5;128
Portugal;2021-7;311;17;83;562;3;4;3;1;46;15;22;27937;0,5;128
Portugal;2021-8;172;10;71;406;3;6;4;2;46;15;22;27937;0,5;128
Portugal;2021-9;105;5;56;274;3;8;5;3;46;15;22;27937;0,5;128
Portugal;2021-10;78;3;41;180;2;9;7;3;46;15;22;27937;0,5;128
Portugal;2021-11;60;2;29;118;2;11;8;3;46;15;22;27937;0,5;128
Portugal;2021-12;47;1;20;86;4;13;9;4;46;15;22;27937;0,5;128
Portugal;2021-13;41;1;15;70;3;15;10;5;46;15;22;27937;0,5;128
Portugal;2021-14;43;1;13;55;2;17;12;5;46;15;22;27937;0,5;128
Portugal;2021-15;53;0;12;49;5;20;14;6;46;15;22;27937;0,5;128
Portugal;2021-16;51;0;11;44;4;23;17;6;46;15;22;27937;0,5;128
Portugal;2021-17;48;0;10;40;7;27;20;7;46;15;22;27937;0,5;128
Portugal;2021-18;42;0;9;33;5;31;23;8;46;15;22;27937;0,5;128
Portugal;2021-19;32;0;8;29;4;36;26;10;46;15;22;27937;0,5;128
Portugal;2021-20;36;0;7;25;4;41;30;11;46;15;22;27937;0,5;128
Romania;2021-1;133;4;58;;0;0;0;;43;12;18;23313;5,7;371
Romania;2021-2;229;5;57;;1;0;0;;43;12;18;23313;5,7;371
Romania;2021-3;173;4;56;;1;1;1;;43;12;18;23313;5,7;371
Romania;2021-4;131;4;54;;1;2;2;0;43;12;18;23313;5,7;371
Romania;2021-5;132;4;52;;1;3;3;0;43;12;18;23313;5,7;371
Romania;2021-6;122;4;51;;1;4;3;1;43;12;18;23313;5,7;371
Romania;2021-7;124;4;50;;;5;3;2;43;12;18;23313;5,7;371
Romania;2021-8;128;3;49;;1;6;4;3;43;12;18;23313;5,7;371
Romania;2021-9;163;4;51;;1;8;4;3;43;12;18;23313;5,7;371
Romania;2021-10;192;4;54;;1;9;5;3;43;12;18;23313;5,7;371
Romania;2021-11;225;4;59;;1;10;7;4;43;12;18;23313;5,7;371
Romania;2021-12;279;5;66;;;12;8;4;43;12;18;23313;5,7;371
Romania;2021-13;292;6;70;;1;14;10;4;43;12;18;23313;5,7;371
Romania;2021-14;283;7;74;;1;16;10;6;43;12;18;23313;5,7;371
Romania;2021-15;242;8;77;;1;18;11;7;43;12;18;23313;5,7;371
Romania;2021-16;180;8;79;;1;20;13;8;43;12;18;23313;5,7;371
Romania;2021-17;131;9;74;;1;23;15;9;43;12;18;23313;5,7;371
Romania;2021-18;88;7;69;;1;26;17;10;43;12;18;23313;5,7;371
Romania;2021-19;64;5;59;;1;29;18;11;43;12;18;23313;5,7;371
Romania;2021-20;45;4;46;;1;33;20;13;43;12;18;23313;5,7;371
Slovakia;2021-1;614;10;;480;2;;;;41;9;15;30155;0,7;288
Slovakia;2021-2;497;15;;523;12;0;0;;41;9;15;30155;0,7;288
Slovakia;2021-3;458;15;;558;12;1;1;;41;9;15;30155;0,7;288
Slovakia;2021-4;309;14;;570;43;2;2;0;41;9;15;30155;0,7;288
Slovakia;2021-5;356;16;;598;44;2;2;0;41;9;15;30155;0,7;288
Slovakia;2021-6;355;15;;616;45;3;3;0;41;9;15;30155;0,7;288
Slovakia;2021-7;378;18;;641;56;5;4;1;41;9;15;30155;0,7;288
Slovakia;2021-8;372;16;;661;55;6;5;1;41;9;15;30155;0,7;288
Slovakia;2021-9;414;17;;674;56;8;5;2;41;9;15;30155;0,7;288
Slovakia;2021-10;414;17;;686;60;9;6;3;41;9;15;30155;0,7;288
Slovakia;2021-11;370;18;;670;60;11;7;4;41;9;15;30155;0,7;288
Slovakia;2021-12;306;14;;638;59;13;9;4;41;9;15;30155;0,7;288
Slovakia;2021-13;237;12;;599;58;16;11;5;41;9;15;30155;0,7;288
Slovakia;2021-14;200;14;;523;59;18;13;5;41;9;15;30155;0,7;288
Slovakia;2021-15;153;14;;461;52;20;15;5;41;9;15;30155;0,7;288
Slovakia;2021-16;127;15;;376;56;23;17;6;41;9;15;30155;0,7;288
Slovakia;2021-17;108;11;;295;55;26;18;7;41;9;15;30155;0,7;288
Slovakia;2021-18;85;7;;242;47;29;20;9;41;9;15;30155;0,7;288
Slovakia;2021-19;70;7;;197;29;32;22;10;41;9;15;30155;0,7;288
Slovakia;2021-20;53;6;;154;23;36;24;11;41;9;15;30155;0,7;288
Slovenia;2021-1;527;19;90;534;1;1;1;;45;13;19;31401;;153
Slovenia;2021-2;974;14;92;565;2;1;1;0;45;13;19;31401;;153
Slovenia;2021-3;690;11;95;591;2;2;2;0;45;13;19;31401;;153
Slovenia;2021-4;600;13;89;568;2;3;2;0;45;13;19;31401;;153
Slovenia;2021-5;591;11;86;540;2;3;3;1;45;13;19;31401;;153
Slovenia;2021-6;503;8;79;486;2;4;3;2;45;13;19;31401;;153
Slovenia;2021-7;409;6;76;415;2;5;3;2;45;13;19;31401;;153
Slovenia;2021-8;358;4;60;319;2;6;4;2;45;13;19;31401;;153
Slovenia;2021-9;362;5;49;265;2;8;5;3;45;13;19;31401;;153
Slovenia;2021-10;375;4;42;251;2;9;7;3;45;13;19;31401;;153
Slovenia;2021-11;328;3;43;230;2;11;8;4;45;13;19;31401;;153
Slovenia;2021-12;389;3;41;220;2;13;9;5;45;13;19;31401;;153
Slovenia;2021-13;449;3;49;239;3;15;10;5;45;13;19;31401;;153
Slovenia;2021-14;507;4;54;248;2;18;12;6;45;13;19;31401;;153
Slovenia;2021-15;449;3;63;279;2;21;15;6;45;13;19;31401;;153
Slovenia;2021-16;388;3;71;301;2;23;17;6;45;13;19;31401;;153
Slovenia;2021-17;345;3;75;304;2;27;19;8;45;13;19;31401;;153
Slovenia;2021-18;323;4;75;304;1;29;20;9;45;13;19;31401;;153
Slovenia;2021-19;308;2;68;271;2;33;22;11;45;13;19;31401;;153
Slovenia;2021-20;221;2;61;224;2;38;25;13;45;13;19;31401;;153
Spain;2021-1;0;0;;;;;;;46;14;19;34272;1;99
Spain;2021-2;373;3;48;304;;0;0;;46;14;19;34272;1;99
Spain;2021-3;617;4;59;390;;1;1;;46;14;19;34272;1;99
Spain;2021-4;756;6;77;542;;2;2;0;46;14;19;34272;1;99
Spain;2021-5;744;9;97;657;;3;3;0;46;14;19;34272;1;99
Spain;2021-6;608;9;104;647;;4;3;1;46;14;19;34272;1;99
Spain;2021-7;348;10;97;532;;5;3;2;46;14;19;34272;1;99
Spain;2021-8;236;7;84;396;;6;3;2;46;14;19;34272;1;99
Spain;2021-9;169;6;69;287;;7;4;3;46;14;19;34272;1;99
Spain;2021-10;-121;6;58;230;;9;6;3;46;14;19;34272;1;99
Spain;2021-11;106;3;50;195;;11;8;3;46;14;19;34272;1;99
Spain;2021-12;87;2;43;176;;12;9;4;46;14;19;34272;1;99
Spain;2021-13;131;6;40;168;;14;9;5;46;14;19;34272;1;99
Spain;2021-14;139;2;40;174;;17;11;6;46;14;19;34272;1;99
Spain;2021-15;142;2;43;199;;20;14;6;46;14;19;34272;1;99
Spain;2021-16;183;2;46;212;;25;18;7;46;14;19;34272;1;99
Spain;2021-17;187;2;49;218;;29;21;8;46;14;19;34272;1;99
Spain;2021-18;169;2;50;214;;33;24;9;46;14;19;34272;1;99
Spain;2021-19;132;2;48;197;;39;27;12;46;14;19;34272;1;99
Spain;2021-20;114;2;43;166;;44;31;14;46;14;19;34272;1;99
Sweden;2021-1;0;0;33;287;3;;;;41;13;20;46949;0,5;134
Sweden;2021-2;737;10;36;290;3;0;0;;41;13;20;46949;0,5;134
Sweden;2021-3;481;13;36;268;3;1;1;0;41;13;20;46949;0,5;134
Sweden;2021-4;335;10;32;229;3;1;1;0;41;13;20;46949;0,5;134
Sweden;2021-5;280;8;27;198;3;2;2;0;41;13;20;46949;0,5;134
Sweden;2021-6;299;7;25;163;3;3;3;0;41;13;20;46949;0,5;134
Sweden;2021-7;288;4;23;140;3;4;3;1;41;13;20;46949;0,5;134
Sweden;2021-8;322;3;22;129;3;5;4;2;41;13;20;46949;0,5;134
Sweden;2021-9;370;3;22;131;3;7;4;2;41;13;20;46949;0,5;134
Sweden;2021-10;391;3;23;140;4;8;5;3;41;13;20;46949;0,5;134
Sweden;2021-11;390;2;23;146;4;10;7;3;41;13;20;46949;0,5;134
Sweden;2021-12;449;2;26;158;4;12;9;4;41;13;20;46949;0,5;134
Sweden;2021-13;506;2;28;169;5;14;10;4;41;13;20;46949;0,5;134
Sweden;2021-14;469;1;31;182;5;16;11;5;41;13;20;46949;0,5;134
Sweden;2021-15;625;2;35;200;4;19;13;6;41;13;20;46949;0,5;134
Sweden;2021-16;605;2;39;212;5;;;;41;13;20;46949;0,5;134
Sweden;2021-17;540;2;40;213;5;27;20;7;41;13;20;46949;0,5;134
Sweden;2021-18;499;2;39;199;5;31;24;7;41;13;20;46949;0,5;134
Sweden;2021-19;484;2;40;182;5;35;27;8;41;13;20;46949;0,5;134
Sweden;2021-20;415;1;36;164;4;39;31;9;41;13;20;46949;0,5;134